market_id,instance,pool_size,num_players,partition_rep,Delta,initial_certified,initial_in_core,successful_orders,best_introduced,best_used
genxml-0.xml|p100|n20|r0|d2,genxml-0.xml,100,20,0,2,True,True,,,
genxml-0.xml|p100|n20|r0|d3,genxml-0.xml,100,20,0,3,True,True,,,
genxml-0.xml|p100|n20|r1|d2,genxml-0.xml,100,20,1,2,True,True,,,
genxml-0.xml|p100|n20|r1|d3,genxml-0.xml,100,20,1,3,True,True,,,
genxml-0.xml|p100|n30|r0|d2,genxml-0.xml,100,30,0,2,True,True,,,
genxml-0.xml|p100|n30|r0|d3,genxml-0.xml,100,30,0,3,True,True,,,
genxml-0.xml|p100|n30|r1|d2,genxml-0.xml,100,30,1,2,True,True,,,
genxml-0.xml|p100|n30|r1|d3,genxml-0.xml,100,30,1,3,True,True,,,
genxml-0.xml|p200|n20|r0|d2,genxml-0.xml,200,20,0,2,True,True,,,
genxml-0.xml|p200|n20|r0|d3,genxml-0.xml,200,20,0,3,True,True,,,
genxml-0.xml|p200|n20|r1|d2,genxml-0.xml,200,20,1,2,True,True,,,
genxml-0.xml|p200|n20|r1|d3,genxml-0.xml,200,20,1,3,True,True,,,
genxml-0.xml|p200|n30|r0|d2,genxml-0.xml,200,30,0,2,True,True,,,
genxml-0.xml|p200|n30|r0|d3,genxml-0.xml,200,30,0,3,True,True,,,
genxml-0.xml|p200|n30|r1|d2,genxml-0.xml,200,30,1,2,True,True,,,
genxml-0.xml|p200|n30|r1|d3,genxml-0.xml,200,30,1,3,True,True,,,
genxml-0.xml|p500|n20|r0|d2,genxml-0.xml,500,20,0,2,True,True,,,
genxml-0.xml|p500|n20|r0|d3,genxml-0.xml,500,20,0,3,True,True,,,
genxml-0.xml|p500|n20|r1|d2,genxml-0.xml,500,20,1,2,True,True,,,
genxml-0.xml|p500|n20|r1|d3,genxml-0.xml,500,20,1,3,True,True,,,
genxml-0.xml|p500|n30|r0|d2,genxml-0.xml,500,30,0,2,True,True,,,
genxml-0.xml|p500|n30|r0|d3,genxml-0.xml,500,30,0,3,True,True,,,
genxml-0.xml|p500|n30|r1|d2,genxml-0.xml,500,30,1,2,True,True,,,
genxml-0.xml|p500|n30|r1|d3,genxml-0.xml,500,30,1,3,True,True,,,
genxml-2.xml|p100|n20|r0|d2,genxml-2.xml,100,20,0,2,True,False,1.0,0.0,0.0
genxml-2.xml|p100|n20|r0|d3,genxml-2.xml,100,20,0,3,True,True,,,
genxml-2.xml|p100|n20|r1|d2,genxml-2.xml,100,20,1,2,True,True,,,
genxml-2.xml|p100|n20|r1|d3,genxml-2.xml,100,20,1,3,True,True,,,
genxml-2.xml|p100|n30|r0|d2,genxml-2.xml,100,30,0,2,True,True,,,
genxml-2.xml|p100|n30|r0|d3,genxml-2.xml,100,30,0,3,True,True,,,
genxml-2.xml|p100|n30|r1|d2,genxml-2.xml,100,30,1,2,True,True,,,
genxml-2.xml|p100|n30|r1|d3,genxml-2.xml,100,30,1,3,True,True,,,
genxml-2.xml|p200|n20|r0|d2,genxml-2.xml,200,20,0,2,True,True,,,
genxml-2.xml|p200|n20|r0|d3,genxml-2.xml,200,20,0,3,True,True,,,
genxml-2.xml|p200|n20|r1|d2,genxml-2.xml,200,20,1,2,True,True,,,
genxml-2.xml|p200|n20|r1|d3,genxml-2.xml,200,20,1,3,True,True,,,
genxml-2.xml|p200|n30|r0|d2,genxml-2.xml,200,30,0,2,True,True,,,
genxml-2.xml|p200|n30|r0|d3,genxml-2.xml,200,30,0,3,True,True,,,
genxml-2.xml|p200|n30|r1|d2,genxml-2.xml,200,30,1,2,True,True,,,
genxml-2.xml|p200|n30|r1|d3,genxml-2.xml,200,30,1,3,True,True,,,
genxml-2.xml|p500|n20|r0|d2,genxml-2.xml,500,20,0,2,True,True,,,
genxml-2.xml|p500|n20|r0|d3,genxml-2.xml,500,20,0,3,True,True,,,
genxml-2.xml|p500|n20|r1|d2,genxml-2.xml,500,20,1,2,True,True,,,
genxml-2.xml|p500|n20|r1|d3,genxml-2.xml,500,20,1,3,True,True,,,
genxml-2.xml|p500|n30|r0|d2,genxml-2.xml,500,30,0,2,True,True,,,
genxml-2.xml|p500|n30|r0|d3,genxml-2.xml,500,30,0,3,True,True,,,
genxml-2.xml|p500|n30|r1|d2,genxml-2.xml,500,30,1,2,True,True,,,
genxml-2.xml|p500|n30|r1|d3,genxml-2.xml,500,30,1,3,True,True,,,
genxml-4.xml|p100|n20|r0|d2,genxml-4.xml,100,20,0,2,True,True,,,
genxml-4.xml|p100|n20|r0|d3,genxml-4.xml,100,20,0,3,True,True,,,
genxml-4.xml|p100|n20|r1|d2,genxml-4.xml,100,20,1,2,True,True,,,
genxml-4.xml|p100|n20|r1|d3,genxml-4.xml,100,20,1,3,True,True,,,
genxml-4.xml|p100|n30|r0|d2,genxml-4.xml,100,30,0,2,True,True,,,
genxml-4.xml|p100|n30|r0|d3,genxml-4.xml,100,30,0,3,True,True,,,
genxml-4.xml|p100|n30|r1|d2,genxml-4.xml,100,30,1,2,True,True,,,
genxml-4.xml|p100|n30|r1|d3,genxml-4.xml,100,30,1,3,True,True,,,
genxml-4.xml|p200|n20|r0|d2,genxml-4.xml,200,20,0,2,True,True,,,
genxml-4.xml|p200|n20|r0|d3,genxml-4.xml,200,20,0,3,True,True,,,
genxml-4.xml|p200|n20|r1|d2,genxml-4.xml,200,20,1,2,True,True,,,
genxml-4.xml|p200|n20|r1|d3,genxml-4.xml,200,20,1,3,True,True,,,
genxml-4.xml|p200|n30|r0|d2,genxml-4.xml,200,30,0,2,True,True,,,
genxml-4.xml|p200|n30|r0|d3,genxml-4.xml,200,30,0,3,True,True,,,
genxml-4.xml|p200|n30|r1|d2,genxml-4.xml,200,30,1,2,True,True,,,
genxml-4.xml|p200|n30|r1|d3,genxml-4.xml,200,30,1,3,True,True,,,
genxml-4.xml|p500|n20|r0|d2,genxml-4.xml,500,20,0,2,True,True,,,
genxml-4.xml|p500|n20|r0|d3,genxml-4.xml,500,20,0,3,True,True,,,
genxml-4.xml|p500|n20|r1|d2,genxml-4.xml,500,20,1,2,True,True,,,
genxml-4.xml|p500|n20|r1|d3,genxml-4.xml,500,20,1,3,True,True,,,
genxml-4.xml|p500|n30|r0|d2,genxml-4.xml,500,30,0,2,True,True,,,
genxml-4.xml|p500|n30|r0|d3,genxml-4.xml,500,30,0,3,True,True,,,
genxml-4.xml|p500|n30|r1|d2,genxml-4.xml,500,30,1,2,True,True,,,
genxml-4.xml|p500|n30|r1|d3,genxml-4.xml,500,30,1,3,True,True,,,
genxml-11.xml|p100|n20|r0|d2,genxml-11.xml,100,20,0,2,True,True,,,
genxml-11.xml|p100|n20|r0|d3,genxml-11.xml,100,20,0,3,True,False,3.0,1.0,1.0
genxml-11.xml|p100|n20|r1|d2,genxml-11.xml,100,20,1,2,True,True,,,
genxml-11.xml|p100|n20|r1|d3,genxml-11.xml,100,20,1,3,True,True,,,
genxml-11.xml|p100|n30|r0|d2,genxml-11.xml,100,30,0,2,True,False,3.0,1.0,1.0
genxml-11.xml|p100|n30|r0|d3,genxml-11.xml,100,30,0,3,True,True,,,
genxml-11.xml|p100|n30|r1|d2,genxml-11.xml,100,30,1,2,True,True,,,
genxml-11.xml|p100|n30|r1|d3,genxml-11.xml,100,30,1,3,True,True,,,
genxml-11.xml|p200|n20|r0|d2,genxml-11.xml,200,20,0,2,True,True,,,
genxml-11.xml|p200|n20|r0|d3,genxml-11.xml,200,20,0,3,True,True,,,
genxml-11.xml|p200|n20|r1|d2,genxml-11.xml,200,20,1,2,True,True,,,
genxml-11.xml|p200|n20|r1|d3,genxml-11.xml,200,20,1,3,True,True,,,
genxml-11.xml|p200|n30|r0|d2,genxml-11.xml,200,30,0,2,True,True,,,
genxml-11.xml|p200|n30|r0|d3,genxml-11.xml,200,30,0,3,True,True,,,
genxml-11.xml|p200|n30|r1|d2,genxml-11.xml,200,30,1,2,True,True,,,
genxml-11.xml|p200|n30|r1|d3,genxml-11.xml,200,30,1,3,True,True,,,
genxml-11.xml|p500|n20|r0|d2,genxml-11.xml,500,20,0,2,True,True,,,
genxml-11.xml|p500|n20|r0|d3,genxml-11.xml,500,20,0,3,True,True,,,
genxml-11.xml|p500|n20|r1|d2,genxml-11.xml,500,20,1,2,True,True,,,
genxml-11.xml|p500|n20|r1|d3,genxml-11.xml,500,20,1,3,True,True,,,
genxml-11.xml|p500|n30|r0|d2,genxml-11.xml,500,30,0,2,True,True,,,
genxml-11.xml|p500|n30|r0|d3,genxml-11.xml,500,30,0,3,True,True,,,
genxml-11.xml|p500|n30|r1|d2,genxml-11.xml,500,30,1,2,True,True,,,
genxml-11.xml|p500|n30|r1|d3,genxml-11.xml,500,30,1,3,True,True,,,
genxml-13.xml|p100|n20|r0|d2,genxml-13.xml,100,20,0,2,True,True,,,
genxml-13.xml|p100|n20|r0|d3,genxml-13.xml,100,20,0,3,True,True,,,
genxml-13.xml|p100|n20|r1|d2,genxml-13.xml,100,20,1,2,True,True,,,
genxml-13.xml|p100|n20|r1|d3,genxml-13.xml,100,20,1,3,True,True,,,
genxml-13.xml|p100|n30|r0|d2,genxml-13.xml,100,30,0,2,True,True,,,
genxml-13.xml|p100|n30|r0|d3,genxml-13.xml,100,30,0,3,True,True,,,
genxml-13.xml|p100|n30|r1|d2,genxml-13.xml,100,30,1,2,True,True,,,
genxml-13.xml|p100|n30|r1|d3,genxml-13.xml,100,30,1,3,True,True,,,
genxml-13.xml|p200|n20|r0|d2,genxml-13.xml,200,20,0,2,True,True,,,
genxml-13.xml|p200|n20|r0|d3,genxml-13.xml,200,20,0,3,True,True,,,
genxml-13.xml|p200|n20|r1|d2,genxml-13.xml,200,20,1,2,True,True,,,
genxml-13.xml|p200|n20|r1|d3,genxml-13.xml,200,20,1,3,True,True,,,
genxml-13.xml|p200|n30|r0|d2,genxml-13.xml,200,30,0,2,True,True,,,
genxml-13.xml|p200|n30|r0|d3,genxml-13.xml,200,30,0,3,True,True,,,
genxml-13.xml|p200|n30|r1|d2,genxml-13.xml,200,30,1,2,True,True,,,
genxml-13.xml|p200|n30|r1|d3,genxml-13.xml,200,30,1,3,True,True,,,
genxml-13.xml|p500|n20|r0|d2,genxml-13.xml,500,20,0,2,True,True,,,
genxml-13.xml|p500|n20|r0|d3,genxml-13.xml,500,20,0,3,True,True,,,
genxml-13.xml|p500|n20|r1|d2,genxml-13.xml,500,20,1,2,True,True,,,
genxml-13.xml|p500|n20|r1|d3,genxml-13.xml,500,20,1,3,True,True,,,
genxml-13.xml|p500|n30|r0|d2,genxml-13.xml,500,30,0,2,True,True,,,
genxml-13.xml|p500|n30|r0|d3,genxml-13.xml,500,30,0,3,True,True,,,
genxml-13.xml|p500|n30|r1|d2,genxml-13.xml,500,30,1,2,True,True,,,
genxml-13.xml|p500|n30|r1|d3,genxml-13.xml,500,30,1,3,True,True,,,
genxml-23.xml|p100|n20|r0|d2,genxml-23.xml,100,20,0,2,True,True,,,
genxml-23.xml|p100|n20|r0|d3,genxml-23.xml,100,20,0,3,True,True,,,
genxml-23.xml|p100|n20|r1|d2,genxml-23.xml,100,20,1,2,True,True,,,
genxml-23.xml|p100|n20|r1|d3,genxml-23.xml,100,20,1,3,True,True,,,
genxml-23.xml|p100|n30|r0|d2,genxml-23.xml,100,30,0,2,True,True,,,
genxml-23.xml|p100|n30|r0|d3,genxml-23.xml,100,30,0,3,True,True,,,
genxml-23.xml|p100|n30|r1|d2,genxml-23.xml,100,30,1,2,True,True,,,
genxml-23.xml|p100|n30|r1|d3,genxml-23.xml,100,30,1,3,True,True,,,
genxml-23.xml|p200|n20|r0|d2,genxml-23.xml,200,20,0,2,True,True,,,
genxml-23.xml|p200|n20|r0|d3,genxml-23.xml,200,20,0,3,True,True,,,
genxml-23.xml|p200|n20|r1|d2,genxml-23.xml,200,20,1,2,True,True,,,
genxml-23.xml|p200|n20|r1|d3,genxml-23.xml,200,20,1,3,True,True,,,
genxml-23.xml|p200|n30|r0|d2,genxml-23.xml,200,30,0,2,True,True,,,
genxml-23.xml|p200|n30|r0|d3,genxml-23.xml,200,30,0,3,True,True,,,
genxml-23.xml|p200|n30|r1|d2,genxml-23.xml,200,30,1,2,True,True,,,
genxml-23.xml|p200|n30|r1|d3,genxml-23.xml,200,30,1,3,True,True,,,
genxml-23.xml|p500|n20|r0|d2,genxml-23.xml,500,20,0,2,True,True,,,
genxml-23.xml|p500|n20|r0|d3,genxml-23.xml,500,20,0,3,True,True,,,
genxml-23.xml|p500|n20|r1|d2,genxml-23.xml,500,20,1,2,True,True,,,
genxml-23.xml|p500|n20|r1|d3,genxml-23.xml,500,20,1,3,True,True,,,
genxml-23.xml|p500|n30|r0|d2,genxml-23.xml,500,30,0,2,True,True,,,
genxml-23.xml|p500|n30|r0|d3,genxml-23.xml,500,30,0,3,True,True,,,
genxml-23.xml|p500|n30|r1|d2,genxml-23.xml,500,30,1,2,True,True,,,
genxml-23.xml|p500|n30|r1|d3,genxml-23.xml,500,30,1,3,True,True,,,
genxml-24.xml|p100|n20|r0|d2,genxml-24.xml,100,20,0,2,True,True,,,
genxml-24.xml|p100|n20|r0|d3,genxml-24.xml,100,20,0,3,True,True,,,
genxml-24.xml|p100|n20|r1|d2,genxml-24.xml,100,20,1,2,True,True,,,
genxml-24.xml|p100|n20|r1|d3,genxml-24.xml,100,20,1,3,True,True,,,
genxml-24.xml|p100|n30|r0|d2,genxml-24.xml,100,30,0,2,True,True,,,
genxml-24.xml|p100|n30|r0|d3,genxml-24.xml,100,30,0,3,True,True,,,
genxml-24.xml|p100|n30|r1|d2,genxml-24.xml,100,30,1,2,True,True,,,
genxml-24.xml|p100|n30|r1|d3,genxml-24.xml,100,30,1,3,True,True,,,
genxml-24.xml|p200|n20|r0|d2,genxml-24.xml,200,20,0,2,True,True,,,
genxml-24.xml|p200|n20|r0|d3,genxml-24.xml,200,20,0,3,True,True,,,
genxml-24.xml|p200|n20|r1|d2,genxml-24.xml,200,20,1,2,True,True,,,
genxml-24.xml|p200|n20|r1|d3,genxml-24.xml,200,20,1,3,True,True,,,
genxml-24.xml|p200|n30|r0|d2,genxml-24.xml,200,30,0,2,True,True,,,
genxml-24.xml|p200|n30|r0|d3,genxml-24.xml,200,30,0,3,True,True,,,
genxml-24.xml|p200|n30|r1|d2,genxml-24.xml,200,30,1,2,True,True,,,
genxml-24.xml|p200|n30|r1|d3,genxml-24.xml,200,30,1,3,True,True,,,
genxml-24.xml|p500|n20|r0|d2,genxml-24.xml,500,20,0,2,True,True,,,
genxml-24.xml|p500|n20|r0|d3,genxml-24.xml,500,20,0,3,True,True,,,
genxml-24.xml|p500|n20|r1|d2,genxml-24.xml,500,20,1,2,True,True,,,
genxml-24.xml|p500|n20|r1|d3,genxml-24.xml,500,20,1,3,True,True,,,
genxml-24.xml|p500|n30|r0|d2,genxml-24.xml,500,30,0,2,True,True,,,
genxml-24.xml|p500|n30|r0|d3,genxml-24.xml,500,30,0,3,True,True,,,
genxml-24.xml|p500|n30|r1|d2,genxml-24.xml,500,30,1,2,True,True,,,
genxml-24.xml|p500|n30|r1|d3,genxml-24.xml,500,30,1,3,True,True,,,
genxml-25.xml|p100|n20|r0|d2,genxml-25.xml,100,20,0,2,True,True,,,
genxml-25.xml|p100|n20|r0|d3,genxml-25.xml,100,20,0,3,True,True,,,
genxml-25.xml|p100|n20|r1|d2,genxml-25.xml,100,20,1,2,True,True,,,
genxml-25.xml|p100|n20|r1|d3,genxml-25.xml,100,20,1,3,True,True,,,
genxml-25.xml|p100|n30|r0|d2,genxml-25.xml,100,30,0,2,True,False,3.0,1.0,1.0
genxml-25.xml|p100|n30|r0|d3,genxml-25.xml,100,30,0,3,True,False,3.0,1.0,1.0
genxml-25.xml|p100|n30|r1|d2,genxml-25.xml,100,30,1,2,True,False,3.0,1.0,1.0
genxml-25.xml|p100|n30|r1|d3,genxml-25.xml,100,30,1,3,True,True,,,
genxml-25.xml|p200|n20|r0|d2,genxml-25.xml,200,20,0,2,True,True,,,
genxml-25.xml|p200|n20|r0|d3,genxml-25.xml,200,20,0,3,True,True,,,
genxml-25.xml|p200|n20|r1|d2,genxml-25.xml,200,20,1,2,True,True,,,
genxml-25.xml|p200|n20|r1|d3,genxml-25.xml,200,20,1,3,True,True,,,
genxml-25.xml|p200|n30|r0|d2,genxml-25.xml,200,30,0,2,True,True,,,
genxml-25.xml|p200|n30|r0|d3,genxml-25.xml,200,30,0,3,True,True,,,
genxml-25.xml|p200|n30|r1|d2,genxml-25.xml,200,30,1,2,True,True,,,
genxml-25.xml|p200|n30|r1|d3,genxml-25.xml,200,30,1,3,True,True,,,
genxml-25.xml|p500|n20|r0|d2,genxml-25.xml,500,20,0,2,True,True,,,
genxml-25.xml|p500|n20|r0|d3,genxml-25.xml,500,20,0,3,True,True,,,
genxml-25.xml|p500|n20|r1|d2,genxml-25.xml,500,20,1,2,True,True,,,
genxml-25.xml|p500|n20|r1|d3,genxml-25.xml,500,20,1,3,True,True,,,
genxml-25.xml|p500|n30|r0|d2,genxml-25.xml,500,30,0,2,True,True,,,
genxml-25.xml|p500|n30|r0|d3,genxml-25.xml,500,30,0,3,True,True,,,
genxml-25.xml|p500|n30|r1|d2,genxml-25.xml,500,30,1,2,True,True,,,
genxml-25.xml|p500|n30|r1|d3,genxml-25.xml,500,30,1,3,True,True,,,
genxml-27.xml|p100|n20|r0|d2,genxml-27.xml,100,20,0,2,True,True,,,
genxml-27.xml|p100|n20|r0|d3,genxml-27.xml,100,20,0,3,True,True,,,
genxml-27.xml|p100|n20|r1|d2,genxml-27.xml,100,20,1,2,True,True,,,
genxml-27.xml|p100|n20|r1|d3,genxml-27.xml,100,20,1,3,True,True,,,
genxml-27.xml|p100|n30|r0|d2,genxml-27.xml,100,30,0,2,True,True,,,
genxml-27.xml|p100|n30|r0|d3,genxml-27.xml,100,30,0,3,True,False,3.0,1.0,1.0
genxml-27.xml|p100|n30|r1|d2,genxml-27.xml,100,30,1,2,True,True,,,
genxml-27.xml|p100|n30|r1|d3,genxml-27.xml,100,30,1,3,True,True,,,
genxml-27.xml|p200|n20|r0|d2,genxml-27.xml,200,20,0,2,True,True,,,
genxml-27.xml|p200|n20|r0|d3,genxml-27.xml,200,20,0,3,True,True,,,
genxml-27.xml|p200|n20|r1|d2,genxml-27.xml,200,20,1,2,True,True,,,
genxml-27.xml|p200|n20|r1|d3,genxml-27.xml,200,20,1,3,True,True,,,
genxml-27.xml|p200|n30|r0|d2,genxml-27.xml,200,30,0,2,True,True,,,
genxml-27.xml|p200|n30|r0|d3,genxml-27.xml,200,30,0,3,True,True,,,
genxml-27.xml|p200|n30|r1|d2,genxml-27.xml,200,30,1,2,True,True,,,
genxml-27.xml|p200|n30|r1|d3,genxml-27.xml,200,30,1,3,True,True,,,
genxml-27.xml|p500|n20|r0|d2,genxml-27.xml,500,20,0,2,True,True,,,
genxml-27.xml|p500|n20|r0|d3,genxml-27.xml,500,20,0,3,True,True,,,
genxml-27.xml|p500|n20|r1|d2,genxml-27.xml,500,20,1,2,True,True,,,
genxml-27.xml|p500|n20|r1|d3,genxml-27.xml,500,20,1,3,True,True,,,
genxml-27.xml|p500|n30|r0|d2,genxml-27.xml,500,30,0,2,True,True,,,
genxml-27.xml|p500|n30|r0|d3,genxml-27.xml,500,30,0,3,True,True,,,
genxml-27.xml|p500|n30|r1|d2,genxml-27.xml,500,30,1,2,True,True,,,
genxml-27.xml|p500|n30|r1|d3,genxml-27.xml,500,30,1,3,True,True,,,
genxml-36.xml|p100|n20|r0|d2,genxml-36.xml,100,20,0,2,True,True,,,
genxml-36.xml|p100|n20|r0|d3,genxml-36.xml,100,20,0,3,True,True,,,
genxml-36.xml|p100|n20|r1|d2,genxml-36.xml,100,20,1,2,True,False,3.0,1.0,1.0
genxml-36.xml|p100|n20|r1|d3,genxml-36.xml,100,20,1,3,True,False,3.0,1.0,1.0
genxml-36.xml|p100|n30|r0|d2,genxml-36.xml,100,30,0,2,True,True,,,
genxml-36.xml|p100|n30|r0|d3,genxml-36.xml,100,30,0,3,True,True,,,
genxml-36.xml|p100|n30|r1|d2,genxml-36.xml,100,30,1,2,True,True,,,
genxml-36.xml|p100|n30|r1|d3,genxml-36.xml,100,30,1,3,True,True,,,
genxml-36.xml|p200|n20|r0|d2,genxml-36.xml,200,20,0,2,True,True,,,
genxml-36.xml|p200|n20|r0|d3,genxml-36.xml,200,20,0,3,True,True,,,
genxml-36.xml|p200|n20|r1|d2,genxml-36.xml,200,20,1,2,True,True,,,
genxml-36.xml|p200|n20|r1|d3,genxml-36.xml,200,20,1,3,True,True,,,
genxml-36.xml|p200|n30|r0|d2,genxml-36.xml,200,30,0,2,True,True,,,
genxml-36.xml|p200|n30|r0|d3,genxml-36.xml,200,30,0,3,True,True,,,
genxml-36.xml|p200|n30|r1|d2,genxml-36.xml,200,30,1,2,True,True,,,
genxml-36.xml|p200|n30|r1|d3,genxml-36.xml,200,30,1,3,True,True,,,
genxml-36.xml|p500|n20|r0|d2,genxml-36.xml,500,20,0,2,True,True,,,
genxml-36.xml|p500|n20|r0|d3,genxml-36.xml,500,20,0,3,True,True,,,
genxml-36.xml|p500|n20|r1|d2,genxml-36.xml,500,20,1,2,True,False,1.0,0.0,0.0
genxml-36.xml|p500|n20|r1|d3,genxml-36.xml,500,20,1,3,True,True,,,
genxml-36.xml|p500|n30|r0|d2,genxml-36.xml,500,30,0,2,True,True,,,
genxml-36.xml|p500|n30|r0|d3,genxml-36.xml,500,30,0,3,True,True,,,
genxml-36.xml|p500|n30|r1|d2,genxml-36.xml,500,30,1,2,True,True,,,
genxml-36.xml|p500|n30|r1|d3,genxml-36.xml,500,30,1,3,True,True,,,
genxml-37.xml|p100|n20|r0|d2,genxml-37.xml,100,20,0,2,True,True,,,
genxml-37.xml|p100|n20|r0|d3,genxml-37.xml,100,20,0,3,True,True,,,
genxml-37.xml|p100|n20|r1|d2,genxml-37.xml,100,20,1,2,True,True,,,
genxml-37.xml|p100|n20|r1|d3,genxml-37.xml,100,20,1,3,True,True,,,
genxml-37.xml|p100|n30|r0|d2,genxml-37.xml,100,30,0,2,True,True,,,
genxml-37.xml|p100|n30|r0|d3,genxml-37.xml,100,30,0,3,True,False,3.0,1.0,1.0
genxml-37.xml|p100|n30|r1|d2,genxml-37.xml,100,30,1,2,True,False,1.0,0.0,0.0
genxml-37.xml|p100|n30|r1|d3,genxml-37.xml,100,30,1,3,True,False,3.0,1.0,1.0
genxml-37.xml|p200|n20|r0|d2,genxml-37.xml,200,20,0,2,True,True,,,
genxml-37.xml|p200|n20|r0|d3,genxml-37.xml,200,20,0,3,True,True,,,
genxml-37.xml|p200|n20|r1|d2,genxml-37.xml,200,20,1,2,True,True,,,
genxml-37.xml|p200|n20|r1|d3,genxml-37.xml,200,20,1,3,True,True,,,
genxml-37.xml|p200|n30|r0|d2,genxml-37.xml,200,30,0,2,True,True,,,
genxml-37.xml|p200|n30|r0|d3,genxml-37.xml,200,30,0,3,True,True,,,
genxml-37.xml|p200|n30|r1|d2,genxml-37.xml,200,30,1,2,True,True,,,
genxml-37.xml|p200|n30|r1|d3,genxml-37.xml,200,30,1,3,True,True,,,
genxml-37.xml|p500|n20|r0|d2,genxml-37.xml,500,20,0,2,True,True,,,
genxml-37.xml|p500|n20|r0|d3,genxml-37.xml,500,20,0,3,True,True,,,
genxml-37.xml|p500|n20|r1|d2,genxml-37.xml,500,20,1,2,True,True,,,
genxml-37.xml|p500|n20|r1|d3,genxml-37.xml,500,20,1,3,True,True,,,
genxml-37.xml|p500|n30|r0|d2,genxml-37.xml,500,30,0,2,True,True,,,
genxml-37.xml|p500|n30|r0|d3,genxml-37.xml,500,30,0,3,True,True,,,
genxml-37.xml|p500|n30|r1|d2,genxml-37.xml,500,30,1,2,True,True,,,
genxml-37.xml|p500|n30|r1|d3,genxml-37.xml,500,30,1,3,True,True,,,
genxml-39.xml|p100|n20|r0|d2,genxml-39.xml,100,20,0,2,True,True,,,
genxml-39.xml|p100|n20|r0|d3,genxml-39.xml,100,20,0,3,True,True,,,
genxml-39.xml|p100|n20|r1|d2,genxml-39.xml,100,20,1,2,True,True,,,
genxml-39.xml|p100|n20|r1|d3,genxml-39.xml,100,20,1,3,True,True,,,
genxml-39.xml|p100|n30|r0|d2,genxml-39.xml,100,30,0,2,True,True,,,
genxml-39.xml|p100|n30|r0|d3,genxml-39.xml,100,30,0,3,True,True,,,
genxml-39.xml|p100|n30|r1|d2,genxml-39.xml,100,30,1,2,True,True,,,
genxml-39.xml|p100|n30|r1|d3,genxml-39.xml,100,30,1,3,True,True,,,
genxml-39.xml|p200|n20|r0|d2,genxml-39.xml,200,20,0,2,True,True,,,
genxml-39.xml|p200|n20|r0|d3,genxml-39.xml,200,20,0,3,True,True,,,
genxml-39.xml|p200|n20|r1|d2,genxml-39.xml,200,20,1,2,True,True,,,
genxml-39.xml|p200|n20|r1|d3,genxml-39.xml,200,20,1,3,True,True,,,
genxml-39.xml|p200|n30|r0|d2,genxml-39.xml,200,30,0,2,True,True,,,
genxml-39.xml|p200|n30|r0|d3,genxml-39.xml,200,30,0,3,True,True,,,
genxml-39.xml|p200|n30|r1|d2,genxml-39.xml,200,30,1,2,True,True,,,
genxml-39.xml|p200|n30|r1|d3,genxml-39.xml,200,30,1,3,True,True,,,
genxml-39.xml|p500|n20|r0|d2,genxml-39.xml,500,20,0,2,True,True,,,
genxml-39.xml|p500|n20|r0|d3,genxml-39.xml,500,20,0,3,True,True,,,
genxml-39.xml|p500|n20|r1|d2,genxml-39.xml,500,20,1,2,True,True,,,
genxml-39.xml|p500|n20|r1|d3,genxml-39.xml,500,20,1,3,True,True,,,
genxml-39.xml|p500|n30|r0|d2,genxml-39.xml,500,30,0,2,True,True,,,
genxml-39.xml|p500|n30|r0|d3,genxml-39.xml,500,30,0,3,True,True,,,
genxml-39.xml|p500|n30|r1|d2,genxml-39.xml,500,30,1,2,True,True,,,
genxml-39.xml|p500|n30|r1|d3,genxml-39.xml,500,30,1,3,True,True,,,
genxml-46.xml|p100|n20|r0|d2,genxml-46.xml,100,20,0,2,True,True,,,
genxml-46.xml|p100|n20|r0|d3,genxml-46.xml,100,20,0,3,True,True,,,
genxml-46.xml|p100|n20|r1|d2,genxml-46.xml,100,20,1,2,True,True,,,
genxml-46.xml|p100|n20|r1|d3,genxml-46.xml,100,20,1,3,True,True,,,
genxml-46.xml|p100|n30|r0|d2,genxml-46.xml,100,30,0,2,True,True,,,
genxml-46.xml|p100|n30|r0|d3,genxml-46.xml,100,30,0,3,True,True,,,
genxml-46.xml|p100|n30|r1|d2,genxml-46.xml,100,30,1,2,True,True,,,
genxml-46.xml|p100|n30|r1|d3,genxml-46.xml,100,30,1,3,True,True,,,
genxml-46.xml|p200|n20|r0|d2,genxml-46.xml,200,20,0,2,True,True,,,
genxml-46.xml|p200|n20|r0|d3,genxml-46.xml,200,20,0,3,True,True,,,
genxml-46.xml|p200|n20|r1|d2,genxml-46.xml,200,20,1,2,True,True,,,
genxml-46.xml|p200|n20|r1|d3,genxml-46.xml,200,20,1,3,True,True,,,
genxml-46.xml|p200|n30|r0|d2,genxml-46.xml,200,30,0,2,True,True,,,
genxml-46.xml|p200|n30|r0|d3,genxml-46.xml,200,30,0,3,True,True,,,
genxml-46.xml|p200|n30|r1|d2,genxml-46.xml,200,30,1,2,True,True,,,
genxml-46.xml|p200|n30|r1|d3,genxml-46.xml,200,30,1,3,True,True,,,
genxml-46.xml|p500|n20|r0|d2,genxml-46.xml,500,20,0,2,True,True,,,
genxml-46.xml|p500|n20|r0|d3,genxml-46.xml,500,20,0,3,True,True,,,
genxml-46.xml|p500|n20|r1|d2,genxml-46.xml,500,20,1,2,True,True,,,
genxml-46.xml|p500|n20|r1|d3,genxml-46.xml,500,20,1,3,True,True,,,
genxml-46.xml|p500|n30|r0|d2,genxml-46.xml,500,30,0,2,True,True,,,
genxml-46.xml|p500|n30|r0|d3,genxml-46.xml,500,30,0,3,True,True,,,
genxml-46.xml|p500|n30|r1|d2,genxml-46.xml,500,30,1,2,True,True,,,
genxml-46.xml|p500|n30|r1|d3,genxml-46.xml,500,30,1,3,True,True,,,
genxml-48.xml|p100|n20|r0|d2,genxml-48.xml,100,20,0,2,True,True,,,
genxml-48.xml|p100|n20|r0|d3,genxml-48.xml,100,20,0,3,True,True,,,
genxml-48.xml|p100|n20|r1|d2,genxml-48.xml,100,20,1,2,True,True,,,
genxml-48.xml|p100|n20|r1|d3,genxml-48.xml,100,20,1,3,True,True,,,
genxml-48.xml|p100|n30|r0|d2,genxml-48.xml,100,30,0,2,True,True,,,
genxml-48.xml|p100|n30|r0|d3,genxml-48.xml,100,30,0,3,True,True,,,
genxml-48.xml|p100|n30|r1|d2,genxml-48.xml,100,30,1,2,True,True,,,
genxml-48.xml|p100|n30|r1|d3,genxml-48.xml,100,30,1,3,True,True,,,
genxml-48.xml|p200|n20|r0|d2,genxml-48.xml,200,20,0,2,True,True,,,
genxml-48.xml|p200|n20|r0|d3,genxml-48.xml,200,20,0,3,True,True,,,
genxml-48.xml|p200|n20|r1|d2,genxml-48.xml,200,20,1,2,True,True,,,
genxml-48.xml|p200|n20|r1|d3,genxml-48.xml,200,20,1,3,True,True,,,
genxml-48.xml|p200|n30|r0|d2,genxml-48.xml,200,30,0,2,True,True,,,
genxml-48.xml|p200|n30|r0|d3,genxml-48.xml,200,30,0,3,True,True,,,
genxml-48.xml|p200|n30|r1|d2,genxml-48.xml,200,30,1,2,True,True,,,
genxml-48.xml|p200|n30|r1|d3,genxml-48.xml,200,30,1,3,True,True,,,
genxml-48.xml|p500|n20|r0|d2,genxml-48.xml,500,20,0,2,True,True,,,
genxml-48.xml|p500|n20|r0|d3,genxml-48.xml,500,20,0,3,True,True,,,
genxml-48.xml|p500|n20|r1|d2,genxml-48.xml,500,20,1,2,True,True,,,
genxml-48.xml|p500|n20|r1|d3,genxml-48.xml,500,20,1,3,True,True,,,
genxml-48.xml|p500|n30|r0|d2,genxml-48.xml,500,30,0,2,True,True,,,
genxml-48.xml|p500|n30|r0|d3,genxml-48.xml,500,30,0,3,True,True,,,
genxml-48.xml|p500|n30|r1|d2,genxml-48.xml,500,30,1,2,True,True,,,
genxml-48.xml|p500|n30|r1|d3,genxml-48.xml,500,30,1,3,True,True,,,
genxml-57.xml|p100|n20|r0|d2,genxml-57.xml,100,20,0,2,True,False,3.0,1.0,1.0
genxml-57.xml|p100|n20|r0|d3,genxml-57.xml,100,20,0,3,True,True,,,
genxml-57.xml|p100|n20|r1|d2,genxml-57.xml,100,20,1,2,True,True,,,
genxml-57.xml|p100|n20|r1|d3,genxml-57.xml,100,20,1,3,True,True,,,
genxml-57.xml|p100|n30|r0|d2,genxml-57.xml,100,30,0,2,True,True,,,
genxml-57.xml|p100|n30|r0|d3,genxml-57.xml,100,30,0,3,True,True,,,
genxml-57.xml|p100|n30|r1|d2,genxml-57.xml,100,30,1,2,True,True,,,
genxml-57.xml|p100|n30|r1|d3,genxml-57.xml,100,30,1,3,True,True,,,
genxml-57.xml|p200|n20|r0|d2,genxml-57.xml,200,20,0,2,True,True,,,
genxml-57.xml|p200|n20|r0|d3,genxml-57.xml,200,20,0,3,True,True,,,
genxml-57.xml|p200|n20|r1|d2,genxml-57.xml,200,20,1,2,True,True,,,
genxml-57.xml|p200|n20|r1|d3,genxml-57.xml,200,20,1,3,True,True,,,
genxml-57.xml|p200|n30|r0|d2,genxml-57.xml,200,30,0,2,True,True,,,
genxml-57.xml|p200|n30|r0|d3,genxml-57.xml,200,30,0,3,True,True,,,
genxml-57.xml|p200|n30|r1|d2,genxml-57.xml,200,30,1,2,True,True,,,
genxml-57.xml|p200|n30|r1|d3,genxml-57.xml,200,30,1,3,True,True,,,
genxml-57.xml|p500|n20|r0|d2,genxml-57.xml,500,20,0,2,True,True,,,
genxml-57.xml|p500|n20|r0|d3,genxml-57.xml,500,20,0,3,True,True,,,
genxml-57.xml|p500|n20|r1|d2,genxml-57.xml,500,20,1,2,True,True,,,
genxml-57.xml|p500|n20|r1|d3,genxml-57.xml,500,20,1,3,True,True,,,
genxml-57.xml|p500|n30|r0|d2,genxml-57.xml,500,30,0,2,True,True,,,
genxml-57.xml|p500|n30|r0|d3,genxml-57.xml,500,30,0,3,True,True,,,
genxml-57.xml|p500|n30|r1|d2,genxml-57.xml,500,30,1,2,True,True,,,
genxml-57.xml|p500|n30|r1|d3,genxml-57.xml,500,30,1,3,True,True,,,
genxml-58.xml|p100|n20|r0|d2,genxml-58.xml,100,20,0,2,True,True,,,
genxml-58.xml|p100|n20|r0|d3,genxml-58.xml,100,20,0,3,True,True,,,
genxml-58.xml|p100|n20|r1|d2,genxml-58.xml,100,20,1,2,True,True,,,
genxml-58.xml|p100|n20|r1|d3,genxml-58.xml,100,20,1,3,True,True,,,
genxml-58.xml|p100|n30|r0|d2,genxml-58.xml,100,30,0,2,True,False,3.0,1.0,1.0
genxml-58.xml|p100|n30|r0|d3,genxml-58.xml,100,30,0,3,True,True,,,
genxml-58.xml|p100|n30|r1|d2,genxml-58.xml,100,30,1,2,True,True,,,
genxml-58.xml|p100|n30|r1|d3,genxml-58.xml,100,30,1,3,True,True,,,
genxml-58.xml|p200|n20|r0|d2,genxml-58.xml,200,20,0,2,True,True,,,
genxml-58.xml|p200|n20|r0|d3,genxml-58.xml,200,20,0,3,True,True,,,
genxml-58.xml|p200|n20|r1|d2,genxml-58.xml,200,20,1,2,True,True,,,
genxml-58.xml|p200|n20|r1|d3,genxml-58.xml,200,20,1,3,True,True,,,
genxml-58.xml|p200|n30|r0|d2,genxml-58.xml,200,30,0,2,True,True,,,
genxml-58.xml|p200|n30|r0|d3,genxml-58.xml,200,30,0,3,True,True,,,
genxml-58.xml|p200|n30|r1|d2,genxml-58.xml,200,30,1,2,True,True,,,
genxml-58.xml|p200|n30|r1|d3,genxml-58.xml,200,30,1,3,True,True,,,
genxml-58.xml|p500|n20|r0|d2,genxml-58.xml,500,20,0,2,True,True,,,
genxml-58.xml|p500|n20|r0|d3,genxml-58.xml,500,20,0,3,True,True,,,
genxml-58.xml|p500|n20|r1|d2,genxml-58.xml,500,20,1,2,True,True,,,
genxml-58.xml|p500|n20|r1|d3,genxml-58.xml,500,20,1,3,True,True,,,
genxml-58.xml|p500|n30|r0|d2,genxml-58.xml,500,30,0,2,True,True,,,
genxml-58.xml|p500|n30|r0|d3,genxml-58.xml,500,30,0,3,True,True,,,
genxml-58.xml|p500|n30|r1|d2,genxml-58.xml,500,30,1,2,True,True,,,
genxml-58.xml|p500|n30|r1|d3,genxml-58.xml,500,30,1,3,True,True,,,
genxml-60.xml|p100|n20|r0|d2,genxml-60.xml,100,20,0,2,True,True,,,
genxml-60.xml|p100|n20|r0|d3,genxml-60.xml,100,20,0,3,True,True,,,
genxml-60.xml|p100|n20|r1|d2,genxml-60.xml,100,20,1,2,True,True,,,
genxml-60.xml|p100|n20|r1|d3,genxml-60.xml,100,20,1,3,True,True,,,
genxml-60.xml|p100|n30|r0|d2,genxml-60.xml,100,30,0,2,True,True,,,
genxml-60.xml|p100|n30|r0|d3,genxml-60.xml,100,30,0,3,True,True,,,
genxml-60.xml|p100|n30|r1|d2,genxml-60.xml,100,30,1,2,True,True,,,
genxml-60.xml|p100|n30|r1|d3,genxml-60.xml,100,30,1,3,True,True,,,
genxml-60.xml|p200|n20|r0|d2,genxml-60.xml,200,20,0,2,True,True,,,
genxml-60.xml|p200|n20|r0|d3,genxml-60.xml,200,20,0,3,True,True,,,
genxml-60.xml|p200|n20|r1|d2,genxml-60.xml,200,20,1,2,True,False,3.0,1.0,1.0
genxml-60.xml|p200|n20|r1|d3,genxml-60.xml,200,20,1,3,True,True,,,
genxml-60.xml|p200|n30|r0|d2,genxml-60.xml,200,30,0,2,True,True,,,
genxml-60.xml|p200|n30|r0|d3,genxml-60.xml,200,30,0,3,True,True,,,
genxml-60.xml|p200|n30|r1|d2,genxml-60.xml,200,30,1,2,True,True,,,
genxml-60.xml|p200|n30|r1|d3,genxml-60.xml,200,30,1,3,True,True,,,
genxml-60.xml|p500|n20|r0|d2,genxml-60.xml,500,20,0,2,True,True,,,
genxml-60.xml|p500|n20|r0|d3,genxml-60.xml,500,20,0,3,True,True,,,
genxml-60.xml|p500|n20|r1|d2,genxml-60.xml,500,20,1,2,True,True,,,
genxml-60.xml|p500|n20|r1|d3,genxml-60.xml,500,20,1,3,True,True,,,
genxml-60.xml|p500|n30|r0|d2,genxml-60.xml,500,30,0,2,True,True,,,
genxml-60.xml|p500|n30|r0|d3,genxml-60.xml,500,30,0,3,True,True,,,
genxml-60.xml|p500|n30|r1|d2,genxml-60.xml,500,30,1,2,True,True,,,
genxml-60.xml|p500|n30|r1|d3,genxml-60.xml,500,30,1,3,True,True,,,
genxml-65.xml|p100|n20|r0|d2,genxml-65.xml,100,20,0,2,True,True,,,
genxml-65.xml|p100|n20|r0|d3,genxml-65.xml,100,20,0,3,True,True,,,
genxml-65.xml|p100|n20|r1|d2,genxml-65.xml,100,20,1,2,True,True,,,
genxml-65.xml|p100|n20|r1|d3,genxml-65.xml,100,20,1,3,True,True,,,
genxml-65.xml|p100|n30|r0|d2,genxml-65.xml,100,30,0,2,True,True,,,
genxml-65.xml|p100|n30|r0|d3,genxml-65.xml,100,30,0,3,True,True,,,
genxml-65.xml|p100|n30|r1|d2,genxml-65.xml,100,30,1,2,True,False,3.0,1.0,1.0
genxml-65.xml|p100|n30|r1|d3,genxml-65.xml,100,30,1,3,True,True,,,
genxml-65.xml|p200|n20|r0|d2,genxml-65.xml,200,20,0,2,True,True,,,
genxml-65.xml|p200|n20|r0|d3,genxml-65.xml,200,20,0,3,True,True,,,
genxml-65.xml|p200|n20|r1|d2,genxml-65.xml,200,20,1,2,True,True,,,
genxml-65.xml|p200|n20|r1|d3,genxml-65.xml,200,20,1,3,True,True,,,
genxml-65.xml|p200|n30|r0|d2,genxml-65.xml,200,30,0,2,True,True,,,
genxml-65.xml|p200|n30|r0|d3,genxml-65.xml,200,30,0,3,True,True,,,
genxml-65.xml|p200|n30|r1|d2,genxml-65.xml,200,30,1,2,True,True,,,
genxml-65.xml|p200|n30|r1|d3,genxml-65.xml,200,30,1,3,True,True,,,
genxml-65.xml|p500|n20|r0|d2,genxml-65.xml,500,20,0,2,True,True,,,
genxml-65.xml|p500|n20|r0|d3,genxml-65.xml,500,20,0,3,True,True,,,
genxml-65.xml|p500|n20|r1|d2,genxml-65.xml,500,20,1,2,True,True,,,
genxml-65.xml|p500|n20|r1|d3,genxml-65.xml,500,20,1,3,True,False,,,
genxml-65.xml|p500|n30|r0|d2,genxml-65.xml,500,30,0,2,True,True,,,
genxml-65.xml|p500|n30|r0|d3,genxml-65.xml,500,30,0,3,True,True,,,
genxml-65.xml|p500|n30|r1|d2,genxml-65.xml,500,30,1,2,True,True,,,
genxml-65.xml|p500|n30|r1|d3,genxml-65.xml,500,30,1,3,True,True,,,
genxml-68.xml|p100|n20|r0|d2,genxml-68.xml,100,20,0,2,True,True,,,
genxml-68.xml|p100|n20|r0|d3,genxml-68.xml,100,20,0,3,True,True,,,
genxml-68.xml|p100|n20|r1|d2,genxml-68.xml,100,20,1,2,True,True,,,
genxml-68.xml|p100|n20|r1|d3,genxml-68.xml,100,20,1,3,True,True,,,
genxml-68.xml|p100|n30|r0|d2,genxml-68.xml,100,30,0,2,True,True,,,
genxml-68.xml|p100|n30|r0|d3,genxml-68.xml,100,30,0,3,True,True,,,
genxml-68.xml|p100|n30|r1|d2,genxml-68.xml,100,30,1,2,True,True,,,
genxml-68.xml|p100|n30|r1|d3,genxml-68.xml,100,30,1,3,True,True,,,
genxml-68.xml|p200|n20|r0|d2,genxml-68.xml,200,20,0,2,True,True,,,
genxml-68.xml|p200|n20|r0|d3,genxml-68.xml,200,20,0,3,True,True,,,
genxml-68.xml|p200|n20|r1|d2,genxml-68.xml,200,20,1,2,True,True,,,
genxml-68.xml|p200|n20|r1|d3,genxml-68.xml,200,20,1,3,True,True,,,
genxml-68.xml|p200|n30|r0|d2,genxml-68.xml,200,30,0,2,True,True,,,
genxml-68.xml|p200|n30|r0|d3,genxml-68.xml,200,30,0,3,True,True,,,
genxml-68.xml|p200|n30|r1|d2,genxml-68.xml,200,30,1,2,True,True,,,
genxml-68.xml|p200|n30|r1|d3,genxml-68.xml,200,30,1,3,True,True,,,
genxml-68.xml|p500|n20|r0|d2,genxml-68.xml,500,20,0,2,True,True,,,
genxml-68.xml|p500|n20|r0|d3,genxml-68.xml,500,20,0,3,True,False,1.0,0.0,0.0
genxml-68.xml|p500|n20|r1|d2,genxml-68.xml,500,20,1,2,True,True,,,
genxml-68.xml|p500|n20|r1|d3,genxml-68.xml,500,20,1,3,True,True,,,
genxml-68.xml|p500|n30|r0|d2,genxml-68.xml,500,30,0,2,True,True,,,
genxml-68.xml|p500|n30|r0|d3,genxml-68.xml,500,30,0,3,True,True,,,
genxml-68.xml|p500|n30|r1|d2,genxml-68.xml,500,30,1,2,True,True,,,
genxml-68.xml|p500|n30|r1|d3,genxml-68.xml,500,30,1,3,True,True,,,
genxml-70.xml|p100|n20|r0|d2,genxml-70.xml,100,20,0,2,True,True,,,
genxml-70.xml|p100|n20|r0|d3,genxml-70.xml,100,20,0,3,True,True,,,
genxml-70.xml|p100|n20|r1|d2,genxml-70.xml,100,20,1,2,True,True,,,
genxml-70.xml|p100|n20|r1|d3,genxml-70.xml,100,20,1,3,True,True,,,
genxml-70.xml|p100|n30|r0|d2,genxml-70.xml,100,30,0,2,True,True,,,
genxml-70.xml|p100|n30|r0|d3,genxml-70.xml,100,30,0,3,True,True,,,
genxml-70.xml|p100|n30|r1|d2,genxml-70.xml,100,30,1,2,True,True,,,
genxml-70.xml|p100|n30|r1|d3,genxml-70.xml,100,30,1,3,True,True,,,
genxml-70.xml|p200|n20|r0|d2,genxml-70.xml,200,20,0,2,True,True,,,
genxml-70.xml|p200|n20|r0|d3,genxml-70.xml,200,20,0,3,True,True,,,
genxml-70.xml|p200|n20|r1|d2,genxml-70.xml,200,20,1,2,True,True,,,
genxml-70.xml|p200|n20|r1|d3,genxml-70.xml,200,20,1,3,True,True,,,
genxml-70.xml|p200|n30|r0|d2,genxml-70.xml,200,30,0,2,True,True,,,
genxml-70.xml|p200|n30|r0|d3,genxml-70.xml,200,30,0,3,True,True,,,
genxml-70.xml|p200|n30|r1|d2,genxml-70.xml,200,30,1,2,True,True,,,
genxml-70.xml|p200|n30|r1|d3,genxml-70.xml,200,30,1,3,True,True,,,
genxml-70.xml|p500|n20|r0|d2,genxml-70.xml,500,20,0,2,True,True,,,
genxml-70.xml|p500|n20|r0|d3,genxml-70.xml,500,20,0,3,True,True,,,
genxml-70.xml|p500|n20|r1|d2,genxml-70.xml,500,20,1,2,True,True,,,
genxml-70.xml|p500|n20|r1|d3,genxml-70.xml,500,20,1,3,True,True,,,
genxml-70.xml|p500|n30|r0|d2,genxml-70.xml,500,30,0,2,True,True,,,
genxml-70.xml|p500|n30|r0|d3,genxml-70.xml,500,30,0,3,True,True,,,
genxml-70.xml|p500|n30|r1|d2,genxml-70.xml,500,30,1,2,True,True,,,
genxml-70.xml|p500|n30|r1|d3,genxml-70.xml,500,30,1,3,True,True,,,
genxml-71.xml|p100|n20|r0|d2,genxml-71.xml,100,20,0,2,True,True,,,
genxml-71.xml|p100|n20|r0|d3,genxml-71.xml,100,20,0,3,True,True,,,
genxml-71.xml|p100|n20|r1|d2,genxml-71.xml,100,20,1,2,True,True,,,
genxml-71.xml|p100|n20|r1|d3,genxml-71.xml,100,20,1,3,True,True,,,
genxml-71.xml|p100|n30|r0|d2,genxml-71.xml,100,30,0,2,True,True,,,
genxml-71.xml|p100|n30|r0|d3,genxml-71.xml,100,30,0,3,True,True,,,
genxml-71.xml|p100|n30|r1|d2,genxml-71.xml,100,30,1,2,True,False,3.0,1.0,1.0
genxml-71.xml|p100|n30|r1|d3,genxml-71.xml,100,30,1,3,True,True,,,
genxml-71.xml|p200|n20|r0|d2,genxml-71.xml,200,20,0,2,True,True,,,
genxml-71.xml|p200|n20|r0|d3,genxml-71.xml,200,20,0,3,True,True,,,
genxml-71.xml|p200|n20|r1|d2,genxml-71.xml,200,20,1,2,True,True,,,
genxml-71.xml|p200|n20|r1|d3,genxml-71.xml,200,20,1,3,True,True,,,
genxml-71.xml|p200|n30|r0|d2,genxml-71.xml,200,30,0,2,True,True,,,
genxml-71.xml|p200|n30|r0|d3,genxml-71.xml,200,30,0,3,True,True,,,
genxml-71.xml|p200|n30|r1|d2,genxml-71.xml,200,30,1,2,True,True,,,
genxml-71.xml|p200|n30|r1|d3,genxml-71.xml,200,30,1,3,True,True,,,
genxml-71.xml|p500|n20|r0|d2,genxml-71.xml,500,20,0,2,True,True,,,
genxml-71.xml|p500|n20|r0|d3,genxml-71.xml,500,20,0,3,False,False,,,
genxml-71.xml|p500|n20|r1|d2,genxml-71.xml,500,20,1,2,True,True,,,
genxml-71.xml|p500|n20|r1|d3,genxml-71.xml,500,20,1,3,True,True,,,
genxml-71.xml|p500|n30|r0|d2,genxml-71.xml,500,30,0,2,True,True,,,
genxml-71.xml|p500|n30|r0|d3,genxml-71.xml,500,30,0,3,True,True,,,
genxml-71.xml|p500|n30|r1|d2,genxml-71.xml,500,30,1,2,True,True,,,
genxml-71.xml|p500|n30|r1|d3,genxml-71.xml,500,30,1,3,True,True,,,
genxml-80.xml|p100|n20|r0|d2,genxml-80.xml,100,20,0,2,True,True,,,
genxml-80.xml|p100|n20|r0|d3,genxml-80.xml,100,20,0,3,True,True,,,
genxml-80.xml|p100|n20|r1|d2,genxml-80.xml,100,20,1,2,True,False,3.0,1.0,1.0
genxml-80.xml|p100|n20|r1|d3,genxml-80.xml,100,20,1,3,True,True,,,
genxml-80.xml|p100|n30|r0|d2,genxml-80.xml,100,30,0,2,True,True,,,
genxml-80.xml|p100|n30|r0|d3,genxml-80.xml,100,30,0,3,True,True,,,
genxml-80.xml|p100|n30|r1|d2,genxml-80.xml,100,30,1,2,True,True,,,
genxml-80.xml|p100|n30|r1|d3,genxml-80.xml,100,30,1,3,True,True,,,
genxml-80.xml|p200|n20|r0|d2,genxml-80.xml,200,20,0,2,True,True,,,
genxml-80.xml|p200|n20|r0|d3,genxml-80.xml,200,20,0,3,True,True,,,
genxml-80.xml|p200|n20|r1|d2,genxml-80.xml,200,20,1,2,True,True,,,
genxml-80.xml|p200|n20|r1|d3,genxml-80.xml,200,20,1,3,True,True,,,
genxml-80.xml|p200|n30|r0|d2,genxml-80.xml,200,30,0,2,True,True,,,
genxml-80.xml|p200|n30|r0|d3,genxml-80.xml,200,30,0,3,True,True,,,
genxml-80.xml|p200|n30|r1|d2,genxml-80.xml,200,30,1,2,True,True,,,
genxml-80.xml|p200|n30|r1|d3,genxml-80.xml,200,30,1,3,True,True,,,
genxml-80.xml|p500|n20|r0|d2,genxml-80.xml,500,20,0,2,True,True,,,
genxml-80.xml|p500|n20|r0|d3,genxml-80.xml,500,20,0,3,True,True,,,
genxml-80.xml|p500|n20|r1|d2,genxml-80.xml,500,20,1,2,True,True,,,
genxml-80.xml|p500|n20|r1|d3,genxml-80.xml,500,20,1,3,True,True,,,
genxml-80.xml|p500|n30|r0|d2,genxml-80.xml,500,30,0,2,True,True,,,
genxml-80.xml|p500|n30|r0|d3,genxml-80.xml,500,30,0,3,True,True,,,
genxml-80.xml|p500|n30|r1|d2,genxml-80.xml,500,30,1,2,True,True,,,
genxml-80.xml|p500|n30|r1|d3,genxml-80.xml,500,30,1,3,True,True,,,
genxml-83.xml|p100|n20|r0|d2,genxml-83.xml,100,20,0,2,True,True,,,
genxml-83.xml|p100|n20|r0|d3,genxml-83.xml,100,20,0,3,True,True,,,
genxml-83.xml|p100|n20|r1|d2,genxml-83.xml,100,20,1,2,True,True,,,
genxml-83.xml|p100|n20|r1|d3,genxml-83.xml,100,20,1,3,True,True,,,
genxml-83.xml|p100|n30|r0|d2,genxml-83.xml,100,30,0,2,True,True,,,
genxml-83.xml|p100|n30|r0|d3,genxml-83.xml,100,30,0,3,True,True,,,
genxml-83.xml|p100|n30|r1|d2,genxml-83.xml,100,30,1,2,True,True,,,
genxml-83.xml|p100|n30|r1|d3,genxml-83.xml,100,30,1,3,True,True,,,
genxml-83.xml|p200|n20|r0|d2,genxml-83.xml,200,20,0,2,True,True,,,
genxml-83.xml|p200|n20|r0|d3,genxml-83.xml,200,20,0,3,True,True,,,
genxml-83.xml|p200|n20|r1|d2,genxml-83.xml,200,20,1,2,True,True,,,
genxml-83.xml|p200|n20|r1|d3,genxml-83.xml,200,20,1,3,True,True,,,
genxml-83.xml|p200|n30|r0|d2,genxml-83.xml,200,30,0,2,True,True,,,
genxml-83.xml|p200|n30|r0|d3,genxml-83.xml,200,30,0,3,True,True,,,
genxml-83.xml|p200|n30|r1|d2,genxml-83.xml,200,30,1,2,True,True,,,
genxml-83.xml|p200|n30|r1|d3,genxml-83.xml,200,30,1,3,True,True,,,
genxml-83.xml|p500|n20|r0|d2,genxml-83.xml,500,20,0,2,True,True,,,
genxml-83.xml|p500|n20|r0|d3,genxml-83.xml,500,20,0,3,True,True,,,
genxml-83.xml|p500|n20|r1|d2,genxml-83.xml,500,20,1,2,True,True,,,
genxml-83.xml|p500|n20|r1|d3,genxml-83.xml,500,20,1,3,True,True,,,
genxml-83.xml|p500|n30|r0|d2,genxml-83.xml,500,30,0,2,True,True,,,
genxml-83.xml|p500|n30|r0|d3,genxml-83.xml,500,30,0,3,True,True,,,
genxml-83.xml|p500|n30|r1|d2,genxml-83.xml,500,30,1,2,True,True,,,
genxml-83.xml|p500|n30|r1|d3,genxml-83.xml,500,30,1,3,True,True,,,
genxml-84.xml|p100|n20|r0|d2,genxml-84.xml,100,20,0,2,True,True,,,
genxml-84.xml|p100|n20|r0|d3,genxml-84.xml,100,20,0,3,True,True,,,
genxml-84.xml|p100|n20|r1|d2,genxml-84.xml,100,20,1,2,True,True,,,
genxml-84.xml|p100|n20|r1|d3,genxml-84.xml,100,20,1,3,True,True,,,
genxml-84.xml|p100|n30|r0|d2,genxml-84.xml,100,30,0,2,True,True,,,
genxml-84.xml|p100|n30|r0|d3,genxml-84.xml,100,30,0,3,True,True,,,
genxml-84.xml|p100|n30|r1|d2,genxml-84.xml,100,30,1,2,True,True,,,
genxml-84.xml|p100|n30|r1|d3,genxml-84.xml,100,30,1,3,True,True,,,
genxml-84.xml|p200|n20|r0|d2,genxml-84.xml,200,20,0,2,True,True,,,
genxml-84.xml|p200|n20|r0|d3,genxml-84.xml,200,20,0,3,True,True,,,
genxml-84.xml|p200|n20|r1|d2,genxml-84.xml,200,20,1,2,True,True,,,
genxml-84.xml|p200|n20|r1|d3,genxml-84.xml,200,20,1,3,True,True,,,
genxml-84.xml|p200|n30|r0|d2,genxml-84.xml,200,30,0,2,True,True,,,
genxml-84.xml|p200|n30|r0|d3,genxml-84.xml,200,30,0,3,True,True,,,
genxml-84.xml|p200|n30|r1|d2,genxml-84.xml,200,30,1,2,True,True,,,
genxml-84.xml|p200|n30|r1|d3,genxml-84.xml,200,30,1,3,True,True,,,
genxml-84.xml|p500|n20|r0|d2,genxml-84.xml,500,20,0,2,True,True,,,
genxml-84.xml|p500|n20|r0|d3,genxml-84.xml,500,20,0,3,True,True,,,
genxml-84.xml|p500|n20|r1|d2,genxml-84.xml,500,20,1,2,True,True,,,
genxml-84.xml|p500|n20|r1|d3,genxml-84.xml,500,20,1,3,True,True,,,
genxml-84.xml|p500|n30|r0|d2,genxml-84.xml,500,30,0,2,True,True,,,
genxml-84.xml|p500|n30|r0|d3,genxml-84.xml,500,30,0,3,True,True,,,
genxml-84.xml|p500|n30|r1|d2,genxml-84.xml,500,30,1,2,True,True,,,
genxml-84.xml|p500|n30|r1|d3,genxml-84.xml,500,30,1,3,True,True,,,
genxml-88.xml|p100|n20|r0|d2,genxml-88.xml,100,20,0,2,True,False,3.0,1.0,1.0
genxml-88.xml|p100|n20|r0|d3,genxml-88.xml,100,20,0,3,True,True,,,
genxml-88.xml|p100|n20|r1|d2,genxml-88.xml,100,20,1,2,True,True,,,
genxml-88.xml|p100|n20|r1|d3,genxml-88.xml,100,20,1,3,True,True,,,
genxml-88.xml|p100|n30|r0|d2,genxml-88.xml,100,30,0,2,True,True,,,
genxml-88.xml|p100|n30|r0|d3,genxml-88.xml,100,30,0,3,True,True,,,
genxml-88.xml|p100|n30|r1|d2,genxml-88.xml,100,30,1,2,True,True,,,
genxml-88.xml|p100|n30|r1|d3,genxml-88.xml,100,30,1,3,True,True,,,
genxml-88.xml|p200|n20|r0|d2,genxml-88.xml,200,20,0,2,True,True,,,
genxml-88.xml|p200|n20|r0|d3,genxml-88.xml,200,20,0,3,True,True,,,
genxml-88.xml|p200|n20|r1|d2,genxml-88.xml,200,20,1,2,True,True,,,
genxml-88.xml|p200|n20|r1|d3,genxml-88.xml,200,20,1,3,True,True,,,
genxml-88.xml|p200|n30|r0|d2,genxml-88.xml,200,30,0,2,True,True,,,
genxml-88.xml|p200|n30|r0|d3,genxml-88.xml,200,30,0,3,True,True,,,
genxml-88.xml|p200|n30|r1|d2,genxml-88.xml,200,30,1,2,True,True,,,
genxml-88.xml|p200|n30|r1|d3,genxml-88.xml,200,30,1,3,True,True,,,
genxml-88.xml|p500|n20|r0|d2,genxml-88.xml,500,20,0,2,True,True,,,
genxml-88.xml|p500|n20|r0|d3,genxml-88.xml,500,20,0,3,True,False,3.0,1.0,1.0
genxml-88.xml|p500|n20|r1|d2,genxml-88.xml,500,20,1,2,True,True,,,
genxml-88.xml|p500|n20|r1|d3,genxml-88.xml,500,20,1,3,True,True,,,
genxml-88.xml|p500|n30|r0|d2,genxml-88.xml,500,30,0,2,True,True,,,
genxml-88.xml|p500|n30|r0|d3,genxml-88.xml,500,30,0,3,True,True,,,
genxml-88.xml|p500|n30|r1|d2,genxml-88.xml,500,30,1,2,True,True,,,
genxml-88.xml|p500|n30|r1|d3,genxml-88.xml,500,30,1,3,True,True,,,
genxml-89.xml|p100|n20|r0|d2,genxml-89.xml,100,20,0,2,True,True,,,
genxml-89.xml|p100|n20|r0|d3,genxml-89.xml,100,20,0,3,True,True,,,
genxml-89.xml|p100|n20|r1|d2,genxml-89.xml,100,20,1,2,True,True,,,
genxml-89.xml|p100|n20|r1|d3,genxml-89.xml,100,20,1,3,True,True,,,
genxml-89.xml|p100|n30|r0|d2,genxml-89.xml,100,30,0,2,True,True,,,
genxml-89.xml|p100|n30|r0|d3,genxml-89.xml,100,30,0,3,True,True,,,
genxml-89.xml|p100|n30|r1|d2,genxml-89.xml,100,30,1,2,True,True,,,
genxml-89.xml|p100|n30|r1|d3,genxml-89.xml,100,30,1,3,True,True,,,
genxml-89.xml|p200|n20|r0|d2,genxml-89.xml,200,20,0,2,True,True,,,
genxml-89.xml|p200|n20|r0|d3,genxml-89.xml,200,20,0,3,True,True,,,
genxml-89.xml|p200|n20|r1|d2,genxml-89.xml,200,20,1,2,True,True,,,
genxml-89.xml|p200|n20|r1|d3,genxml-89.xml,200,20,1,3,True,True,,,
genxml-89.xml|p200|n30|r0|d2,genxml-89.xml,200,30,0,2,True,True,,,
genxml-89.xml|p200|n30|r0|d3,genxml-89.xml,200,30,0,3,True,True,,,
genxml-89.xml|p200|n30|r1|d2,genxml-89.xml,200,30,1,2,True,True,,,
genxml-89.xml|p200|n30|r1|d3,genxml-89.xml,200,30,1,3,True,True,,,
genxml-89.xml|p500|n20|r0|d2,genxml-89.xml,500,20,0,2,True,True,,,
genxml-89.xml|p500|n20|r0|d3,genxml-89.xml,500,20,0,3,True,True,,,
genxml-89.xml|p500|n20|r1|d2,genxml-89.xml,500,20,1,2,True,True,,,
genxml-89.xml|p500|n20|r1|d3,genxml-89.xml,500,20,1,3,True,True,,,
genxml-89.xml|p500|n30|r0|d2,genxml-89.xml,500,30,0,2,True,True,,,
genxml-89.xml|p500|n30|r0|d3,genxml-89.xml,500,30,0,3,True,True,,,
genxml-89.xml|p500|n30|r1|d2,genxml-89.xml,500,30,1,2,True,True,,,
genxml-89.xml|p500|n30|r1|d3,genxml-89.xml,500,30,1,3,True,True,,,
genxml-91.xml|p100|n20|r0|d2,genxml-91.xml,100,20,0,2,True,True,,,
genxml-91.xml|p100|n20|r0|d3,genxml-91.xml,100,20,0,3,True,True,,,
genxml-91.xml|p100|n20|r1|d2,genxml-91.xml,100,20,1,2,True,True,,,
genxml-91.xml|p100|n20|r1|d3,genxml-91.xml,100,20,1,3,True,True,,,
genxml-91.xml|p100|n30|r0|d2,genxml-91.xml,100,30,0,2,True,True,,,
genxml-91.xml|p100|n30|r0|d3,genxml-91.xml,100,30,0,3,True,True,,,
genxml-91.xml|p100|n30|r1|d2,genxml-91.xml,100,30,1,2,True,True,,,
genxml-91.xml|p100|n30|r1|d3,genxml-91.xml,100,30,1,3,True,True,,,
genxml-91.xml|p200|n20|r0|d2,genxml-91.xml,200,20,0,2,True,True,,,
genxml-91.xml|p200|n20|r0|d3,genxml-91.xml,200,20,0,3,True,True,,,
genxml-91.xml|p200|n20|r1|d2,genxml-91.xml,200,20,1,2,True,True,,,
genxml-91.xml|p200|n20|r1|d3,genxml-91.xml,200,20,1,3,True,True,,,
genxml-91.xml|p200|n30|r0|d2,genxml-91.xml,200,30,0,2,True,True,,,
genxml-91.xml|p200|n30|r0|d3,genxml-91.xml,200,30,0,3,True,True,,,
genxml-91.xml|p200|n30|r1|d2,genxml-91.xml,200,30,1,2,True,True,,,
genxml-91.xml|p200|n30|r1|d3,genxml-91.xml,200,30,1,3,True,True,,,
genxml-91.xml|p500|n20|r0|d2,genxml-91.xml,500,20,0,2,True,True,,,
genxml-91.xml|p500|n20|r0|d3,genxml-91.xml,500,20,0,3,True,False,1.0,0.0,0.0
genxml-91.xml|p500|n20|r1|d2,genxml-91.xml,500,20,1,2,True,True,,,
genxml-91.xml|p500|n20|r1|d3,genxml-91.xml,500,20,1,3,True,True,,,
genxml-91.xml|p500|n30|r0|d2,genxml-91.xml,500,30,0,2,True,True,,,
genxml-91.xml|p500|n30|r0|d3,genxml-91.xml,500,30,0,3,True,True,,,
genxml-91.xml|p500|n30|r1|d2,genxml-91.xml,500,30,1,2,True,True,,,
genxml-91.xml|p500|n30|r1|d3,genxml-91.xml,500,30,1,3,True,True,,,
genxml-92.xml|p100|n20|r0|d2,genxml-92.xml,100,20,0,2,True,True,,,
genxml-92.xml|p100|n20|r0|d3,genxml-92.xml,100,20,0,3,True,True,,,
genxml-92.xml|p100|n20|r1|d2,genxml-92.xml,100,20,1,2,True,True,,,
genxml-92.xml|p100|n20|r1|d3,genxml-92.xml,100,20,1,3,True,True,,,
genxml-92.xml|p100|n30|r0|d2,genxml-92.xml,100,30,0,2,True,True,,,
genxml-92.xml|p100|n30|r0|d3,genxml-92.xml,100,30,0,3,True,True,,,
genxml-92.xml|p100|n30|r1|d2,genxml-92.xml,100,30,1,2,True,True,,,
genxml-92.xml|p100|n30|r1|d3,genxml-92.xml,100,30,1,3,True,True,,,
genxml-92.xml|p200|n20|r0|d2,genxml-92.xml,200,20,0,2,True,True,,,
genxml-92.xml|p200|n20|r0|d3,genxml-92.xml,200,20,0,3,True,True,,,
genxml-92.xml|p200|n20|r1|d2,genxml-92.xml,200,20,1,2,True,True,,,
genxml-92.xml|p200|n20|r1|d3,genxml-92.xml,200,20,1,3,True,True,,,
genxml-92.xml|p200|n30|r0|d2,genxml-92.xml,200,30,0,2,True,False,1.0,0.0,0.0
genxml-92.xml|p200|n30|r0|d3,genxml-92.xml,200,30,0,3,True,True,,,
genxml-92.xml|p200|n30|r1|d2,genxml-92.xml,200,30,1,2,True,True,,,
genxml-92.xml|p200|n30|r1|d3,genxml-92.xml,200,30,1,3,True,True,,,
genxml-92.xml|p500|n20|r0|d2,genxml-92.xml,500,20,0,2,True,True,,,
genxml-92.xml|p500|n20|r0|d3,genxml-92.xml,500,20,0,3,True,True,,,
genxml-92.xml|p500|n20|r1|d2,genxml-92.xml,500,20,1,2,True,True,,,
genxml-92.xml|p500|n20|r1|d3,genxml-92.xml,500,20,1,3,True,True,,,
genxml-92.xml|p500|n30|r0|d2,genxml-92.xml,500,30,0,2,True,True,,,
genxml-92.xml|p500|n30|r0|d3,genxml-92.xml,500,30,0,3,True,True,,,
genxml-92.xml|p500|n30|r1|d2,genxml-92.xml,500,30,1,2,True,True,,,
genxml-92.xml|p500|n30|r1|d3,genxml-92.xml,500,30,1,3,True,True,,,
genxml-93.xml|p100|n20|r0|d2,genxml-93.xml,100,20,0,2,True,True,,,
genxml-93.xml|p100|n20|r0|d3,genxml-93.xml,100,20,0,3,True,True,,,
genxml-93.xml|p100|n20|r1|d2,genxml-93.xml,100,20,1,2,True,True,,,
genxml-93.xml|p100|n20|r1|d3,genxml-93.xml,100,20,1,3,True,True,,,
genxml-93.xml|p100|n30|r0|d2,genxml-93.xml,100,30,0,2,True,True,,,
genxml-93.xml|p100|n30|r0|d3,genxml-93.xml,100,30,0,3,True,True,,,
genxml-93.xml|p100|n30|r1|d2,genxml-93.xml,100,30,1,2,True,True,,,
genxml-93.xml|p100|n30|r1|d3,genxml-93.xml,100,30,1,3,True,True,,,
genxml-93.xml|p200|n20|r0|d2,genxml-93.xml,200,20,0,2,True,True,,,
genxml-93.xml|p200|n20|r0|d3,genxml-93.xml,200,20,0,3,True,True,,,
genxml-93.xml|p200|n20|r1|d2,genxml-93.xml,200,20,1,2,True,True,,,
genxml-93.xml|p200|n20|r1|d3,genxml-93.xml,200,20,1,3,True,True,,,
genxml-93.xml|p200|n30|r0|d2,genxml-93.xml,200,30,0,2,True,True,,,
genxml-93.xml|p200|n30|r0|d3,genxml-93.xml,200,30,0,3,True,True,,,
genxml-93.xml|p200|n30|r1|d2,genxml-93.xml,200,30,1,2,True,True,,,
genxml-93.xml|p200|n30|r1|d3,genxml-93.xml,200,30,1,3,True,True,,,
genxml-93.xml|p500|n20|r0|d2,genxml-93.xml,500,20,0,2,True,True,,,
genxml-93.xml|p500|n20|r0|d3,genxml-93.xml,500,20,0,3,True,True,,,
genxml-93.xml|p500|n20|r1|d2,genxml-93.xml,500,20,1,2,True,True,,,
genxml-93.xml|p500|n20|r1|d3,genxml-93.xml,500,20,1,3,True,True,,,
genxml-93.xml|p500|n30|r0|d2,genxml-93.xml,500,30,0,2,True,True,,,
genxml-93.xml|p500|n30|r0|d3,genxml-93.xml,500,30,0,3,True,True,,,
genxml-93.xml|p500|n30|r1|d2,genxml-93.xml,500,30,1,2,True,True,,,
genxml-93.xml|p500|n30|r1|d3,genxml-93.xml,500,30,1,3,True,True,,,
genxml-94.xml|p100|n20|r0|d2,genxml-94.xml,100,20,0,2,True,True,,,
genxml-94.xml|p100|n20|r0|d3,genxml-94.xml,100,20,0,3,True,True,,,
genxml-94.xml|p100|n20|r1|d2,genxml-94.xml,100,20,1,2,True,True,,,
genxml-94.xml|p100|n20|r1|d3,genxml-94.xml,100,20,1,3,True,True,,,
genxml-94.xml|p100|n30|r0|d2,genxml-94.xml,100,30,0,2,True,True,,,
genxml-94.xml|p100|n30|r0|d3,genxml-94.xml,100,30,0,3,True,True,,,
genxml-94.xml|p100|n30|r1|d2,genxml-94.xml,100,30,1,2,True,False,3.0,2.0,1.0
genxml-94.xml|p100|n30|r1|d3,genxml-94.xml,100,30,1,3,True,True,,,
genxml-94.xml|p200|n20|r0|d2,genxml-94.xml,200,20,0,2,True,True,,,
genxml-94.xml|p200|n20|r0|d3,genxml-94.xml,200,20,0,3,True,True,,,
genxml-94.xml|p200|n20|r1|d2,genxml-94.xml,200,20,1,2,True,True,,,
genxml-94.xml|p200|n20|r1|d3,genxml-94.xml,200,20,1,3,True,True,,,
genxml-94.xml|p200|n30|r0|d2,genxml-94.xml,200,30,0,2,True,True,,,
genxml-94.xml|p200|n30|r0|d3,genxml-94.xml,200,30,0,3,True,True,,,
genxml-94.xml|p200|n30|r1|d2,genxml-94.xml,200,30,1,2,True,True,,,
genxml-94.xml|p200|n30|r1|d3,genxml-94.xml,200,30,1,3,True,True,,,
genxml-94.xml|p500|n20|r0|d2,genxml-94.xml,500,20,0,2,True,True,,,
genxml-94.xml|p500|n20|r0|d3,genxml-94.xml,500,20,0,3,True,True,,,
genxml-94.xml|p500|n20|r1|d2,genxml-94.xml,500,20,1,2,True,True,,,
genxml-94.xml|p500|n20|r1|d3,genxml-94.xml,500,20,1,3,True,True,,,
genxml-94.xml|p500|n30|r0|d2,genxml-94.xml,500,30,0,2,True,True,,,
genxml-94.xml|p500|n30|r0|d3,genxml-94.xml,500,30,0,3,True,True,,,
genxml-94.xml|p500|n30|r1|d2,genxml-94.xml,500,30,1,2,True,True,,,
genxml-94.xml|p500|n30|r1|d3,genxml-94.xml,500,30,1,3,True,True,,,
